{
    "Ni": 0.0,
    "Cu3Ni4O12": -9.997384480000008,
    "CuO2": -0.9558706900000029,
    "Cu6O8": -9.176583289999996,
    "Ni2O4": -2.7043568899999997,
    "NiO": 0.5081455249999998,
    "NiO2": -1.4292143500000023,
    "CuNiO2": -3.4214391499999977,
    "Cu2H2O4": -5.380882550000003,
    "Cu8O12": -11.939762020000018,
    "Cu4O8": -3.6990962000000067,
    "CuNi": 0.03696145999999878,
    "Ni12O14": -23.357451319999996,
    "Ni15O16": -30.66235684000003,
    "Cu8O6": -9.403782759999999,
    "Cu2O2": -3.1377177699999983,
    "Cu16O16": -19.35664627,
    "CuO": -1.2266041249999997,
    "Cu8O7": -10.255965634999995,
    "Ni6O8": -12.120652970000009,
    "Cu2O4": -1.7231700900000035,
    "Ni2H": 0.4576537899999984,
    "Cu8O8": -10.106315299999991,
    "Cu2H4O4": -0.3534088099999977,
    "Ni2H6": 5.112658029999999,
    "Ni4O10": 0.5787181999999973,
    "NiH2O2": -1.1554175500000028,
    "Cu8O": -0.5584860549999959,
    "Cu9O13": -10.547364895000015,
    "Ni2H4O4": -2.323636690000008,
    "Cu2Ni8O10": -18.29436623000001,
    "NiH": 0.39332274000000034,
    "CuNi4O5": -9.330672155000002,
    "Ni12O24": -14.245873740000008,
    "Cu2Ni11O13": -22.667923494999997,
    "Cu10O14": -11.877389930000007,
    "Cu": 0.0,
    "Cu64O": 0.47015523499993606,
    "Ni4O": 4.830382005000004,
    "Cu2Ni4O8": -11.182351269999998,
    "Cu3O3": -3.0412645950000012,
    "CuNi3O4": -7.166397059999994,
    "Ni4O3": -3.3413721750000036,
    "Cu2Ni6O8": -14.823546350000015,
    "Ni5O4": -5.321263650000006,
    "Cu6": 0.9547007699999988,
    "Ni3H": 2.554004720000002,
    "Cu3O2": -2.3838317300000007,
    "Ni10O14": -15.376527920000001,
    "Ni8O16": -9.367761569999999,
    "Cu6NiO6": -7.382163190000014,
    "Cu3Ni": 0.2020362800000015,
    "Cu4Ni2O8": -10.297702200000003,
    "NiHO2": -2.9690197599999983,
    "Ni5O11": -5.4323138250000085,
    "Ni4O8": -5.553563249999996,
    "Ni2O2": -4.238879200000003,
    "Cu2H2": 1.4799540099999984,
    "Cu4": 0.023064340000001238,
    "CuNi3": 0.12774167000000247,
    "Cu4O6": -6.380359090000006,
    "Ni9O10": -17.89056899000002,
    "Ni2": 0.052284710000000345,
    "Cu2": 0.014983649999999571,
    "CuNi9O10": -19.344682050000017,
    "Ni4H8O8": -4.30819584000001,
    "Ni6H2": 4.908862370000001,
    "CuHO2": -2.65461565,
    "Ni9O13": -13.472876325000016,
    "Ni8O12": -11.462403060000014,
    "Cu16O24": -25.723616330000027,
    "Cu4O4": -1.5601702999999958,
    "Ni5O6": -9.851344210000008,
    "Ni4O6": -3.9581542000000027,
    "NiO3": 2.711653094999999,
    "Cu4O2": -3.2335706300000027,
    "Ni16O32": -5.5851714400000105,
    "Cu6O": 8.620199594999999
}