{
    "Ti16Ni8": -6.655886553333346,
    "TiH2": -0.5232243733333348,
    "Ti4Ni15O24": -72.01454911333337,
    "Ti4O6": -31.13401034333333,
    "Ti2Ni2": -1.583420106666665,
    "Ti3O3": -16.497544675,
    "Ni": 0.0,
    "Ti4Ni4O12": -48.133581333333325,
    "Ti12O2": -12.200273889999991,
    "Ti12O4": -23.851699399999987,
    "NiHO2": -2.9690197599999983,
    "Ti4Ni12": -7.724722283333335,
    "Ti4O8": -39.485808653333336,
    "Ti3": 0.0,
    "Ni2O2": -4.238879200000003,
    "Ti2O": -5.7899560016666705,
    "Ti6O10": -50.91177787000001
}