{
    "Ti[3+]": -4.254205959260162,
    "TiO[2+]": -6.593222386684114,
    "TiO2[2+]": -5.461129315222228,
    "Ni(OH)4[2-]": -7.635219254868634,
    "NiHO2[1-]": -3.481309320681973,
    "Ti[2+]": -3.8886569101851767,
    "TiHO3[1-]": -10.482635248787032,
    "Ni(OH)2(aq)": -4.134778771892005,
    "Ni(OH)3[1-]": -6.005743170503189,
    "NiO2[2-]": -2.7103086470021265,
    "NiO(aq)": -1.632317249375552,
    "Ni[2+]": -0.4062510214644778,
    "NiOH[1+]": -2.2814336923459617
}