{
    "Cu[1+]": 0.3389506190679905,
    "CuO(aq)": -1.0799227809423737,
    "Ni[2+]": -0.4062510214644778,
    "NiOH[1+]": -2.2814336923459617,
    "Ni(OH)2(aq)": -4.134778771892005,
    "Ni(OH)3[1-]": -6.005743170503189,
    "NiO(aq)": -1.632317249375552,
    "CuO2[2-]": -2.0818919989555367,
    "CuHO2[1-]": -2.858178468354925,
    "Ni(OH)4[2-]": -7.635219254868634,
    "NiO2[2-]": -2.7103086470021265,
    "Cu[2+]": 0.5009758043299483,
    "CuOH[1+]": -1.4874990881403838,
    "NiHO2[1-]": -3.481309320681973
}