{
    "Co4O4": -9.008120870000013,
    "Co6O8": -15.681480689999987,
    "NiHO2": -2.9690197599999983,
    "Co2": 0.0,
    "Ni2O2": -4.238879200000003,
    "CoHO2": -3.9598873349999977,
    "Co23O32": -60.45205391500008,
    "Co2Ni2O6": -9.51633133,
    "Co6Ni2": -0.206307240000001,
    "Co2Ni4O8": -13.770260369999988,
    "Ni": 0.0
}