{
    "CoHO2[1-]": -4.091219126245269,
    "Co(OH)2(aq)": -3.692193370946518,
    "NiOH[1+]": -2.2814336923459617,
    "Ni(OH)2(aq)": -4.134778771892005,
    "Ni(OH)3[1-]": -6.005743170503189,
    "Ni(OH)4[2-]": -7.635219254868634,
    "NiHO2[1-]": -3.481309320681973,
    "NiO2[2-]": -2.7103086470021265,
    "NiO(aq)": -1.632317249375552,
    "Co[2+]": -0.4314378130877837,
    "Co[3+]": 1.5185647779885494,
    "Ni[2+]": -0.4062510214644778
}