{
    "Ti100": 13.833188526666618,
    "Ti2H2O3": -8.81486503166667,
    "Ti21O21": -107.246827945,
    "Ti4O8": -39.485808653333336,
    "NiO3": 2.711653094999999,
    "Ti11O14": -73.02160808666665,
    "Ti3": 0.0,
    "Ti2H2": -0.5164178966666704,
    "Ti2O4": -19.704516526666666,
    "Ti10O18": -90.20780314333334,
    "Ti6O14": -53.84048844999998,
    "Ti8O16": -78.48664252666666,
    "Ni2": 0.052284710000000345,
    "NiHO2": -2.9690197599999983,
    "TiNi": -0.694721303333333,
    "Ti26O44": -222.66264983666667,
    "Ti16Ni8O4": -14.215934353333324,
    "NiO2": -1.4292143500000023,
    "Ni2O4": -2.7043568899999997,
    "TiNiO6": -6.491592733333334,
    "Ti6O6": -30.81021923,
    "Ti4O14": -28.681392943333336,
    "Ni15O16": -30.66235684000003,
    "NiH2O2": -1.1554175500000028,
    "TiH": -0.1720550033333339,
    "TiH2": -0.5232243733333348,
    "Ti3O8": -24.885031029999993,
    "Ti12Ni12O36": -143.44433744999998,
    "Ni8O16": -9.367761569999999,
    "Ti8O12": -61.77889209666668,
    "Ti16Ni8H8": -6.172578133333332,
    "Ti11O18": -91.42360448666665,
    "Ti12Ni12O4": -3.2075362100000007,
    "Ti3O4": -20.879828720000006,
    "Ti68O34": -164.2260157466667,
    "NiH": 0.39332274000000034,
    "Ni10O14": -15.376527920000001,
    "Ti39O65": -310.87644658500017,
    "Ti6Ni6O18": -71.64814104999996,
    "Ti4Ni15O24": -72.01454911333337,
    "Ti10O13": -68.04815569833335,
    "Ti50O50": -244.76420242666677,
    "Ni4O8": -5.553563249999996,
    "Ti2": 0.008869693333332762,
    "Ni12O24": -14.245873740000008,
    "Ti16O28": -137.32664334333333,
    "Ti6Ni2": -0.6132269000000008,
    "TiO": -5.303992048333335,
    "Ti6O10": -50.91177787000001,
    "Ti12O24": -117.04310337999999,
    "Ti4H3": -0.49710760333333326,
    "Ti9O13": -64.67171254499999,
    "Ti12O2": -12.200273889999991,
    "Ti15O24": -122.60871143,
    "Ti6H4O8": -26.847946649999983,
    "Ti30O60": -281.72600202,
    "Ti6O": -6.0179984349999955,
    "Ti12O18": -91.30028037,
    "Ti16Ni8": -6.655886553333346,
    "Ti4Ni4O12": -48.133581333333325,
    "Ni2H6": 5.112658029999999,
    "Ti12O22": -109.93412137999997,
    "Ni4O3": -3.3413721750000036,
    "Ti2H4": -0.5242941566666701,
    "Ti75O25": -120.813679965,
    "Ti4O6": -31.13401034333333,
    "Ni2H4O4": -2.323636690000008,
    "Ni9O13": -13.472876325000016,
    "Ti5O5": -27.06850346166668,
    "Ni8O12": -11.462403060000014,
    "Ti2Ni2H2": -0.7295303466666638,
    "Ni4O6": -3.9581542000000027,
    "Ti6H4O14": -56.54804183000002,
    "Ni2H": 0.4576537899999984,
    "TiO2": -9.416045953333331,
    "Ni2O2": -4.238879200000003,
    "Ni5O11": -5.4323138250000085,
    "Ti9O10": -50.330540789999986,
    "Ti16O32": -154.7099748733333,
    "Ti4O5": -26.235883488333343,
    "NiO": 0.5081455249999998,
    "Ni4H8O8": -4.30819584000001,
    "Ni4O": 4.830382005000004,
    "Ti4H2": -0.2519460033333303,
    "Ti16O30": -148.98034822333335,
    "Ti8Ni8": -5.780540326666667,
    "Ti3O6": -29.172222759999997,
    "Ti18O34": -168.55455547999998,
    "Ti3O3": -16.497544675,
    "Ti14O26": -129.4078658466667,
    "Ti9Ni9": -6.722816589999994,
    "Ti10O14": -69.54619964333332,
    "Ti3Ni": -0.3158445499999978,
    "Ti18O16": -83.04514343,
    "Ni16O32": -5.5851714400000105,
    "Ti6H2O13": -57.68097909500001,
    "Ti8O13": -66.30480130166669,
    "Ti18O6": -35.64882628999999,
    "Ti2Ni2": -1.583420106666665,
    "Ti3Ni3": -0.596367409999992,
    "Ti8Ni8O24": -95.45440144666668,
    "Ti": 0.06196251666666619,
    "Ti7O8": -41.32616288333334,
    "Ni6H2": 4.908862370000001,
    "Ni5O4": -5.321263650000006,
    "Ni4O10": 0.5787181999999973,
    "Ti2O": -5.7899560016666705,
    "Ni12O14": -23.357451319999996,
    "Ti18O36": -175.12594917000007,
    "Ti6H8O16": -44.24271723999999,
    "Ti4H6": -1.4772795933333356,
    "Ti6Ni6": -4.522640969999983,
    "Ni": 0.0,
    "Ti4H5": -1.2108179833333423,
    "Ti8O14": -70.55317720666667,
    "Ti6O3": -16.921637945000015,
    "Ti12O4": -23.851699399999987,
    "Ti19O30": -153.7006126033334,
    "Ti4Ni12": -7.724722283333335,
    "Ni6O8": -12.120652970000009,
    "Ti6O2": -11.061829719999999,
    "Ti11H7O24": -97.31621022666667,
    "Ti2O2": -10.469040936666673,
    "Ni3H": 2.554004720000002,
    "Ti6Ni8": -5.781973859999994,
    "Ti10Ni10O30": -119.33331263333332,
    "Ti2H4O4": -5.950384166666673,
    "Ni5O6": -9.851344210000008,
    "Ti2Ni2O6": -23.927269216666673,
    "Ti6": 1.8618468399999983,
    "Ni9O10": -17.89056899000002,
    "Ti4H7": -1.802406723333334,
    "Ti4O3": -16.09483970833334,
    "Ti6O4": -22.259208520000016,
    "Ti20O22": -112.98876895666666
}