{
    "Au[3+]": 3.381973610002202,
    "H3AuO3(aq)": -4.010470811410453,
    "AuO3[3-]": -1.6102220680824748,
    "HAuO3[2-]": -2.5469272554172937,
    "Pd[2+]": 1.4522152579380214,
    "H2AuO3[1-]": -3.336065463428902
}