{
    "HAuO2": -1.6659787400000035,
    "H2Au2O4": -3.4903926700000056,
    "Pd42O48": -50.49371554000004,
    "Pd2O2": -2.52584362,
    "Pd2O4": -3.0982364099999984,
    "Pd7O8": -8.282458399999996,
    "PdO": -0.36435182499999996,
    "Pd4O2": -1.6938276600000037,
    "PdO2": -0.8576631399999997,
    "Au2": 0.010602200000000117,
    "Au": 0.0,
    "Pd4": 0.02688394000000116,
    "Pd2": 0.04514597000000009,
    "Pd": 0.0,
    "HPd3": 2.5661266199999986,
    "H3Pd4": 1.4494947799999984,
    "H2Pd2": 0.9535152300000007,
    "H2Pd6": 5.182364790000001,
    "HPd": 0.5170468600000007,
    "H4Pd3": 2.9463446999999974,
    "Pd2Au2O4": -3.406380399999996,
    "PdAuO2": -1.65716836,
    "Au4O6": -2.678147950000003,
    "Au6O2": 2.205748909999997,
    "PdAu3": -0.3153024000000002,
    "PdAu": -0.1233831900000002,
    "Pd2Au6": -0.5527019700000011,
    "Pd3Au": -0.21479914000000022
}