{
    "Ti[2+]": -3.8886569101851767,
    "Ti[3+]": -4.254205959260162,
    "Cu[1+]": 0.3389506190679905,
    "CuO2[2-]": -2.0818919989555367,
    "CuOH[1+]": -1.4874990881403838,
    "TiHO3[1-]": -10.482635248787032,
    "Cu[2+]": 0.5009758043299483,
    "CuHO2[1-]": -2.858178468354925,
    "CuO(aq)": -1.0799227809423737,
    "TiO[2+]": -6.593222386684114,
    "TiO2[2+]": -5.461129315222228
}