{
    "Cu": 0.0,
    "Cu6": 0.9547007699999988,
    "Cu2": 0.014983649999999571,
    "Cu4": 0.023064340000001238,
    "Ti100": 13.833188526666618,
    "Ti6": 1.8618468399999983,
    "Ti3": 0.0,
    "Ti2": 0.008869693333332762,
    "Ti": 0.06196251666666619,
    "Cu2H2": 1.4799540099999984,
    "TiCu3O4": -12.532317693333333,
    "Ti3CuO8": -30.09388442999999,
    "TiCuO3": -10.193329548333335,
    "Ti2Cu6O8": -24.980730386666664,
    "Ti4Cu8O12": -43.42238650333333,
    "Ti4Cu3O12": -43.162793663333346,
    "Ti16Cu8O4": -26.004757873333347,
    "Ti12Cu12O4": -24.9417694,
    "Ti6H4O14": -56.54804183000002,
    "Ti6H2O13": -57.68097909500001,
    "Ti6H8O16": -44.24271723999999,
    "Ti2H2O3": -8.81486503166667,
    "Ti6H4O8": -26.847946649999983,
    "Ti2H4O4": -5.950384166666673,
    "Ti11H7O24": -97.31621022666667,
    "Cu9O13": -10.547364895000015,
    "CuO2": -0.9558706900000029,
    "Cu3O3": -3.0412645950000012,
    "Cu8O6": -9.403782759999999,
    "Cu2O2": -3.1377177699999983,
    "Cu16O16": -19.35664627,
    "Cu3O2": -2.3838317300000007,
    "Cu4O4": -1.5601702999999958,
    "Cu8O12": -11.939762020000018,
    "Cu16O24": -25.723616330000027,
    "Cu4O2": -3.2335706300000027,
    "Cu6O8": -9.176583289999996,
    "Cu8O7": -10.255965634999995,
    "CuO": -1.2266041249999997,
    "Cu4O8": -3.6990962000000067,
    "Cu64O": 0.47015523499993606,
    "Cu8O": -0.5584860549999959,
    "Cu4O6": -6.380359090000006,
    "Cu8O8": -10.106315299999991,
    "Cu10O14": -11.877389930000007,
    "Cu2O4": -1.7231700900000035,
    "Cu6O": 8.620199594999999,
    "Ti4H5": -1.2108179833333423,
    "Ti4H3": -0.49710760333333326,
    "Ti2H4": -0.5242941566666701,
    "Ti2H2": -0.5164178966666704,
    "Ti4H6": -1.4772795933333356,
    "TiH2": -0.5232243733333348,
    "Ti4H7": -1.802406723333334,
    "Ti4H2": -0.2519460033333303,
    "TiH": -0.1720550033333339,
    "CuHO2": -2.65461565,
    "Cu2H2O4": -5.380882550000003,
    "Cu2H4O4": -0.3534088099999977,
    "Ti2Cu2": -0.5432215666666664,
    "Ti4Cu6": -1.2033253733333353,
    "Ti3Cu4": -0.8807942899999972,
    "Ti2Cu3": -0.37144283666666666,
    "Ti2Cu": -0.35299115666666836,
    "Ti3Cu": 0.08318583000000146,
    "TiCu": -0.1062715833333332,
    "Ti16Cu8": -0.6015305533333333,
    "Ti20Cu8": 2.606875063333348,
    "Ti2Cu6": -0.7459999366666707,
    "Ti4Cu16": -1.700604443333333,
    "Ti2Cu4": -0.5995513366666643,
    "Ti50O50": -244.76420242666677,
    "Ti75O25": -120.813679965,
    "Ti68O34": -164.2260157466667,
    "Ti39O65": -310.87644658500017,
    "Ti30O60": -281.72600202,
    "Ti11O18": -91.42360448666665,
    "Ti11O14": -73.02160808666665,
    "Ti19O30": -153.7006126033334,
    "Ti15O24": -122.60871143,
    "Ti18O36": -175.12594917000007,
    "Ti6O3": -16.921637945000015,
    "Ti4O6": -31.13401034333333,
    "Ti4O8": -39.485808653333336,
    "Ti12O18": -91.30028037,
    "Ti3O8": -24.885031029999993,
    "Ti9O13": -64.67171254499999,
    "Ti6O14": -53.84048844999998,
    "Ti6O10": -50.91177787000001,
    "Ti5O5": -27.06850346166668,
    "Ti9O10": -50.330540789999986,
    "Ti12O22": -109.93412137999997,
    "Ti10O13": -68.04815569833335,
    "Ti3O6": -29.172222759999997,
    "Ti2O4": -19.704516526666666,
    "Ti3O4": -20.879828720000006,
    "Ti4O3": -16.09483970833334,
    "Ti6O6": -30.81021923,
    "Ti8O13": -66.30480130166669,
    "Ti18O6": -35.64882628999999,
    "Ti12O24": -117.04310337999999,
    "Ti6O": -6.0179984349999955,
    "Ti12O2": -12.200273889999991,
    "Ti8O12": -61.77889209666668,
    "Ti12O4": -23.851699399999987,
    "Ti2O": -5.7899560016666705,
    "TiO2": -9.416045953333331,
    "Ti6O4": -22.259208520000016,
    "Ti8O16": -78.48664252666666,
    "TiO": -5.303992048333335,
    "Ti3O3": -16.497544675,
    "Ti6O2": -11.061829719999999,
    "Ti2O2": -10.469040936666673,
    "Ti8O14": -70.55317720666667,
    "Ti18O34": -168.55455547999998,
    "Ti18O16": -83.04514343,
    "Ti14O26": -129.4078658466667,
    "Ti16O30": -148.98034822333335,
    "Ti4O14": -28.681392943333336,
    "Ti21O21": -107.246827945,
    "Ti20O22": -112.98876895666666,
    "Ti10O18": -90.20780314333334,
    "Ti16O28": -137.32664334333333,
    "Ti16O32": -154.7099748733333,
    "Ti10O14": -69.54619964333332,
    "Ti26O44": -222.66264983666667,
    "Ti7O8": -41.32616288333334,
    "Ti4O5": -26.235883488333343
}